subject_id,7Networks_1,7Networks_2,7Networks_3,7Networks_4,7Networks_5,7Networks_6,7Networks_7
sub-0050002,-0.10337195446758696,-0.08756572402627469,0.008322333700812317,0.07955852663864556,-0.006465230164313918,-0.07622439658007672,-0.11061345579784906
sub-0050005,0.19560622424482352,0.14152272291099968,0.24406683371626148,0.02373848259551204,0.202109835694395,0.5874024927888224,0.6003992899660617
