,7Networks_1-7Networks_2,7Networks_1-7Networks_3,7Networks_1-7Networks_4,7Networks_1-7Networks_5,7Networks_1-7Networks_6,7Networks_1-7Networks_7,7Networks_2-7Networks_3,7Networks_2-7Networks_4,7Networks_2-7Networks_5,7Networks_2-7Networks_6,7Networks_2-7Networks_7,7Networks_3-7Networks_4,7Networks_3-7Networks_5,7Networks_3-7Networks_6,7Networks_3-7Networks_7,7Networks_4-7Networks_5,7Networks_4-7Networks_6,7Networks_4-7Networks_7,7Networks_5-7Networks_6,7Networks_5-7Networks_7,7Networks_6-7Networks_7
sub-0050002,0.7275828010108811,0.8288279768583369,0.7020914970748567,0.3909221016945133,0.5075380167040416,0.6905276872178525,0.7755530232596421,0.7113798932329497,0.2828741896461947,0.3609208555481887,0.5263112703314013,0.8062276593954525,0.3119751442841235,0.654481356139417,0.6840892946123162,0.3246687800678348,0.6151180583776149,0.5792323760874669,0.3078810972372464,0.4254795980311268,0.7708562641982785
sub-0050004,0.7801782361351052,0.7697772425079038,0.6212676589845452,0.6905243638359168,0.6455417208531324,0.5794520571718111,0.886661227853613,0.8973132495583971,0.7489819777314849,0.8420640473663419,0.7880149252118607,0.8970681362302436,0.7800194038943047,0.9153832399015308,0.8536480598664169,0.7470348848774547,0.9239080575540444,0.8596772584110334,0.7823991273561159,0.8003170255000186,0.9427618635218272
