,7Networks_1,7Networks_2,7Networks_3,7Networks_4,7Networks_5,7Networks_6,7Networks_7
7Networks_1,1.0,0.7801782361351052,0.7697772425079038,0.6212676589845452,0.6905243638359168,0.6455417208531324,0.5794520571718111
7Networks_2,0.7801782361351052,0.9999999999999998,0.886661227853613,0.8973132495583971,0.7489819777314849,0.8420640473663419,0.7880149252118607
7Networks_3,0.7697772425079038,0.886661227853613,0.9999999999999998,0.8970681362302436,0.7800194038943047,0.9153832399015308,0.8536480598664169
7Networks_4,0.6212676589845452,0.8973132495583971,0.8970681362302436,0.9999999999999998,0.7470348848774547,0.9239080575540444,0.8596772584110334
7Networks_5,0.6905243638359168,0.7489819777314849,0.7800194038943047,0.7470348848774547,1.0,0.7823991273561159,0.8003170255000186
7Networks_6,0.6455417208531324,0.8420640473663419,0.9153832399015308,0.9239080575540444,0.7823991273561159,1.0,0.9427618635218273
7Networks_7,0.5794520571718111,0.7880149252118607,0.8536480598664168,0.8596772584110333,0.8003170255000187,0.9427618635218273,1.0
