,7Networks_1,7Networks_2,7Networks_3,7Networks_4,7Networks_5,7Networks_6,7Networks_7
7Networks_1,0.9999999999999998,0.7275828010108811,0.8288279768583369,0.7020914970748567,0.3909221016945133,0.5075380167040416,0.6905276872178525
7Networks_2,0.7275828010108811,0.9999999999999998,0.7755530232596421,0.7113798932329497,0.28287418964619476,0.3609208555481887,0.5263112703314013
7Networks_3,0.8288279768583369,0.7755530232596423,1.0,0.8062276593954525,0.3119751442841235,0.654481356139417,0.6840892946123162
7Networks_4,0.7020914970748567,0.7113798932329496,0.8062276593954525,0.9999999999999998,0.3246687800678348,0.6151180583776149,0.5792323760874669
7Networks_5,0.3909221016945133,0.28287418964619476,0.31197514428412354,0.3246687800678348,0.9999999999999998,0.3078810972372464,0.4254795980311268
7Networks_6,0.5075380167040416,0.3609208555481887,0.654481356139417,0.615118058377615,0.3078810972372464,0.9999999999999998,0.7708562641982785
7Networks_7,0.6905276872178524,0.5263112703314013,0.6840892946123162,0.5792323760874669,0.42547959803112684,0.7708562641982785,0.9999999999999998
